Common Name,Specific Name,Binomial Name / Trinomial Name,Kingdom,Phylum,Class,Subclass,Infraclass,Superorder,Order,Suborder,Family,Subfamily,Genus,Species,Subspecies,Mammal,Arthropod,Reptile,Amphibian,Endangered,Extinct,Nocturnal,image_01,image_01_source,Description,Wikipedia Link,generic_name,photo_credit
Elephant,African Savanna Elephant,Loxodonta africana,Animalia,Chordata,Mammalia,-,-,-,Proboscidea,-,Elephantidae,-,Loxodonta,africana,-,YES,NO,NO,NO,NO,NO,NO,elephant_african_01,http://commons.wikimedia.org/wiki/File:Addo_Elephants-001_(b).jpg,"The most characteristic features of African elephants are their very large ears, which they use to radiate excess heat, and their trunk, an extension of the upper lip and nose with two opposing extensions at its end, different from the Asian elephant, which only has one. The trunk is used for communication and handling objects and food. African elephants also have bigger tusks, large modified incisors that grow throughout an elephant's lifetime.",http://en.wikipedia.org/wiki/African_Savanna_Elephant,elephant,Leo za1 / © Rute Martins of Leoa's Photography / CC-BY-SA-3.0
Elephant,African Forest Elephant,Loxodonta cyclotis,Animalia,Chordata,Mammalia,-,-,-,Proboscidea,-,Elephantidae,-,Loxodonta,cyclotis,-,YES,NO,NO,NO,NO,NO,NO,elephant_african_02,http://commons.wikimedia.org/wiki/File:Loxodontacyclotis.jpg,"Owing to poaching and the high demand for ivory, the African forest elephant population approached critical levels in the 1990s and early 2000s. Over several decades, numbers are estimated to have fallen from approximately 700,000 to less than 100,000, with about half of the remaining population in Gabon.",http://en.wikipedia.org/wiki/African_forest_elephant,elephant,"Thomas Breuer, with modifications by Lycaon / CC-BY 2.5"
Elephant,Asian Elephant,Elphas maximus,Animalia,Chordata,Mammalia,-,-,-,Proboscidea,-,Elephantidae,-,Elphas,maximus,-,YES,NO,NO,NO,NO,NO,NO,elephant_asian_01,http://commons.wikimedia.org/wiki/File:Asian_elephant_-_melbourne_zoo.jpg,"The Asian Elephant is the only living species of the genus Elephas and is distributed in Southeast Asia from India in the west to Borneo in the east. They are are the largest living land animals in Asia. Since 1986, the Asian Elephant has been listed as endangered, as the population has declined by at least 50% over the last three generations. Female captive elephants have lived beyond 60 years when kept in seminatural situations. In zoos, elephants die at a much younger age.",http://en.wikipedia.org/wiki/Asian_elephant,elephant, Fir0002/Flagstaffotos / GFDL v1.2 / http://www.gnu.org/licenses/fdl-1.2.html
Lion,East African Lion,Panthera leo massaica,Animalia,Chordata,Mammalia,-,-,-,Carnivora,-,Felidae,-,Panthera,leo,massaica,YES,NO,NO,NO,NO,NO,NO,lion_01,http://commons.wikimedia.org/wiki/File:Lion_in_masai_mara.jpg,"Lions live for 10–14 years in the wild, while in captivity they can live longer than 20 years. In the wild, males seldom live longer than 10 years, as injuries sustained from continual fighting with rival males greatly reduce their longevity. They typically inhabit savanna and grassland, although they may take to bush and forest. Lions are unusually social compared to other cats.",http://en.wikipedia.org/wiki/Lion,lion,Sumit.pamnani at English Wikipedia / public domain
Lion,Katanga Lion,Panthera leo bleyenberghi,Animalia,Chordata,Mammalia,-,-,-,Carnivora,-,Felidae,-,Panthera,leo,bleyenberghi,YES,NO,NO,NO,NO,NO,NO,lion_02,http://commons.wikimedia.org/wiki/File:Lion_waiting_in_Namibia.jpg,"The Southwest African lion or Katanga lion is a subspecies of the lion that lives in southwestern Africa, where it is found in Namibia, Angola, Zaire, western Zambia, western Zimbabwe and northern Botswana. Like other African lions, they prey mostly on large animals, like zebras, wildebeest, antelope, and warthogs. The males tend to have manes that are lighter in color than lions of other subspecies.",http://en.wikipedia.org/wiki/Katanga_lion,lion,"Originally posted on Flickr at The King, on Wikimedia Commons by yaaaay / CC-BY 2.0"
Lion,Persian Lion,Panthera leo persica,Animalia,Chordata,Mammalia,-,-,-,Carnivora,-,Felidae,-,Panthera,leo,persica,YES,NO,NO,NO,YES,NO,NO,lion_03,"http://commons.wikimedia.org/wiki/File:Panthera_leo_persica_-Kachchh,_Gujerat,_India_-female-8.jpg","The Asiatic lion, also known as the Indian lion or Persian lion, is a lion subspecies that exists as a single isolated population in India's Gujarat State. It is listed as Endangered based on the small population size. The most striking physical character, which is always seen in Asiatic lions, but rarely in African lions, is a  fold of skin running along its belly. Asiatic lions are slightly smaller than African lions.",http://en.wikipedia.org/wiki/Persian_Lion,lion,"Rupal Vaidya from Ahmedabad, India / CC-BY 2.0"
Tiger,South Chinese Tiger,Panthera tigris amoyensis,Animalia,Chordata,Mammalia,-,-,-,Carnivora,-,Felidae,Pantherinae,Panthera,tigris,amoyensis,YES,NO,NO,NO,YES,NO,NO,tiger_01,http://commons.wikimedia.org/wiki/File:2012_Suedchinesischer_Tiger.JPG,"The South China tiger is a tiger subspecies that was native to the provinces of Fujian, Guangdong, Hunan, Jiangxi in southern China, and has been classified as critically endangered since 1996 as it is possibly extinct in the wild. There is a small chance that some individuals are still extant.",http://en.wikipedia.org/wiki/South_Chinese_Tiger,tiger,J. Patrick Fischer / CC BY-SA 3.0
Tiger,Corbett's Tiger,Panthera tigris corbetti,Animalia,Chordata,Mammalia,-,-,-,Carnivora,-,Felidae,Pantherinae,Panthera,tigris,corbetti,YES,NO,NO,NO,YES,NO,NO,tiger_02,http://commons.wikimedia.org/wiki/File:Panthera_tigris_corbetti_01.jpg,"Corbett's tiger is a tiger subspecies found in Myanmar, Thailand, Laos, Cambodia, Vietnam and southwestern China that has been classified as endangered. They live in secluded forests in hilly to mountainous terrain, the majority of which lies along the borders between countries. The subspecies population numbers around a total of 350 individuals.",http://en.wikipedia.org/wiki/Corbetts_Tiger,tiger,H. Zell / CC BY-SA 3.0
Tiger,Siberian Tiger,Panthera tigris altaica,Animalia,Chordata,Mammalia,-,-,-,Carnivora,-,Felidae,Pantherinae,Panthera,tigris,altaica,YES,NO,NO,NO,YES,NO,NO,tiger_03,http://commons.wikimedia.org/wiki/File:P.t.altaica_Tomak_Male.jpg,"The Siberian tiger is a tiger subspecies inhabiting mainly mountainous regions in Russia's far east. It is the largest living felid and ranks among the biggest felids to ever exist. A sampling of 95 wild Russian tigers found low genetic diversity, with the effective population size extraordinarily low in comparison to the census population size, with the population behaving as if it were just 27–35 individuals. ",http://en.wikipedia.org/wiki/Siberian_tiger,tiger, Appaloosa / CC BY-SA 3.0
Giraffe,Angolan Giraffe,Giraffa camelopardalis angolensis,Animalia,Chordata,Mammalia,-,-,-,Artiodactyla,-,Giraffidae,-,Giraffa,camelopardalis,angolensis,YES,NO,NO,NO,NO,NO,NO,giraffe_01,http://commons.wikimedia.org/wiki/File:Namibie_Etosha_Girafe_02.jpg,"The Angolan giraffe can be found in desert environments. Giraffes browse on the twigs of trees, preferring trees of genera Acacia, Commiphora and Terminalia, which are important sources of calcium and protein to sustain the giraffe's growth rate. They also feed on shrubs, grass and fruit. A giraffe eats around 34 kg (75 lb) of foliage daily.",http://en.wikipedia.org/wiki/Giraffe,giraffe,Photographie prise par GIRAUD Patrick / GFDL
Giraffe,South African Giraffe,Giraffa camelopardalis giraffa,Animalia,Chordata,Mammalia,-,-,-,Artiodactyla,-,Giraffidae,-,Giraffa,camelopardalis,giraffa,YES,NO,NO,NO,NO,NO,NO,giraffe_02, Luca Galuzzi - www.galuzzi.it,"The South African Giraffe is a subspecies of giraffe found in South Africa, Namibia, Botswana, Zimbabwe, Mozambique. It has rounded or blotched spots, some with star-like extensions on a light tan background, running down to the hooves.",http://en.wikipedia.org/wiki/South_African_giraffe,giraffe,Luca Galuzzi - www.galuzzi.it / CC-SA 2.5 / http://commons.wikimedia.org/wiki/File:Giraffe_Ithala_KZN_South_Africa_Luca_Galuzzi_2004.JPG
Giraffe,Reticulated Giraffe,Giraffa camelopardalis reticulata,Animalia,Chordata,Mammalia,-,-,-,Artiodactyla,-,Giraffidae,-,Giraffa,camelopardalis,reticulata,YES,NO,NO,NO,NO,NO,NO,giraffe_03,Raimond Spekking / CC-BY-SA-3.0 (via Wikimedia Commons),"The reticulated giraffe, also known as the Somali giraffe, is a subspecies of giraffe native to Somalia, southern Ethiopia, and northern Kenya. The reticulated giraffe is among the most well-known of the nine giraffe subspecies. Its coat consists of large, polygonal liver-colored spots outlined by a network of bright white lines.",http://en.wikipedia.org/wiki/Reticulated_giraffe,giraffe,Raimond Spekking / CC-BY-SA-3.0 (via Wikimedia Commons)
Dog,French Bulldog,Canis lupus familiaris,Animalia,Chordata,Mammalia,-,-,-,Carnivora,-,Canidae,-,Canis,lupus,familiaris,YES,NO,NO,NO,NO,NO,NO,dog_01,Clay Heaton,"The French Bulldog is a small breed of domestic dog, related to the English Bulldog and American Bulldog. The French Bulldog rarely barks and if he does it's often to draw attention, to point out that he needs something or just because he is not happy. This breed is patient and affectionate with its owners, especially with children, who are especially protected by the females.",http://en.wikipedia.org/wiki/French_bulldog,dog,Clay Heaton
Dog,Puli,Canis lupus familiaris,Animalia,Chordata,Mammalia,-,-,-,Carnivora,-,Canidae,-,Canis,lupus,familiaris,YES,NO,NO,NO,NO,NO,NO,dog_02,http://commons.wikimedia.org/wiki/File:Puli_kan.jpg,"The Puli is a small-medium breed of Hungarian herding and livestock guarding dog known for its long, corded coat. The tight curls of the coat, similar to dreadlocks, make it virtually waterproof. A similar looking, but much larger Hungarian dog breed is called Komondor.",http://en.wikipedia.org/wiki/Puli,dog,András Somogyi / CC BY-SA 3.0
Dog,Xoloitzcuintli,Canis lupus familiaris,Animalia,Chordata,Mammalia,-,-,-,Carnivora,-,Canidae,-,Canis,lupus,familiaris,YES,NO,NO,NO,NO,NO,NO,dog_03,http://commons.wikimedia.org/wiki/File:Behold_The_Xoloitzcuintle..jpg,"The Xoloitzcuintli is a hairless breed of dog, found in toy, miniature and standard sizes. It is also known as Mexican hairless dog in English speaking countries. The Xolo is native to Mexico. Archaeological evidence shows that the breed has existed in Mexico for more than 3,000 years. Hairlessness may have offered a survival advantage in tropical regions. ",http://en.wikipedia.org/wiki/Xoloitzcuintli,dog,Alfredo&Sara Aguirre / originally posted to Flickr as Behold: The Xoloitzcuintle. / CC BY-SA 2.0
House Cat,Siamese Cat,Felis silvestris catus,Animalia,Chordata,Mammalia,-,-,-,Carnivora,-,Felidae,-,Felis,catus,-,YES,NO,NO,NO,NO,NO,NO,cat_01,http://commons.wikimedia.org/wiki/File:Chat-siamois-dorothee-taverne.JPG,"The Siamese is one of the first distinctly recognized breeds of Oriental cat. The breed originated in Thailand (formerly known as Siam), where they are one of several native breeds and are called Wichian Mat (a name meaning ""moon diamond""). In the 20th century the Siamese cat became one of the most popular breeds in Europe and North America.",http://en.wikipedia.org/wiki/Siamese_(cat),house_cat,Dorothée Taverne / CC BY-SA 3.0
House Cat,Maine Coon Cat,Felis silvestris catus,Animalia,Chordata,Mammalia,-,-,-,Carnivora,-,Felidae,-,Felis,catus,-,YES,NO,NO,NO,NO,NO,NO,cat_02,http://commons.wikimedia.org/wiki/File:Maine_Coon_cat_Toronto_home.jpg,"The Maine Coon, also known as American Longhair, is a breed of domestic cat with a distinctive physical appearance and valuable hunting skills. It is one of the oldest natural breeds in North America, specifically native to the state of Maine, where it is the official state cat.",http://en.wikipedia.org/wiki/Maine_coon_cat,house_cat,Oleg Morgan / public domain
House Cat,Sphynx Cat,Felis silvestris catus,Animalia,Chordata,Mammalia,-,-,-,Carnivora,-,Felidae,-,Felis,catus,-,YES,NO,NO,NO,NO,NO,NO,cat_03,http://commons.wikimedia.org/wiki/File:Sphynx_-_ChickenCat_-_edit.jpg,"The Sphynx is a breed of cat known for its lack of a coat. Lack of coat makes the cat quite warm to the touch. Care should be taken to limit the Sphynx cat's exposure to outdoor sunlight at length, as they can develop sunburn and skin damage similar to that of humans.",http://en.wikipedia.org/wiki/Sphynx_(cat),house_cat,"Sphynx_-_ChickenCat.jpg: Steve Carlin from Colorado Springs, US / CC BY-SA 2.0"
Horse,Friesian Horse,Equus ferus caballus,Animalia,Chordata,Mammalia,Theria,Eutheria,-,Perissodactyla,-,Equidae,-,Equus,ferus,caballus,YES,NO,NO,NO,NO,NO,NO,horse_01,http://commons.wikimedia.org/wiki/File:Friese2.jpg,"The Friesian is a horse breed originating in Friesland, Netherlands. Although the breed's conformation resembles that of a light draft horse, Friesians are graceful and nimble for their size. During the Middle Ages, it is believed that the ancestors of Friesian horses were in great demand as war horses throughout continental Europe. ",http://en.wikipedia.org/wiki/Friesian_horse,horse,Original uploader was Andizo at de.wikipedia / GFDL / CC BY-SA 3.0
Horse,Pottoka Horse,Equus ferus caballus,Animalia,Chordata,Mammalia,Theria,Eutheria,-,Perissodactyla,-,Equidae,-,Equus,ferus,caballus,YES,NO,NO,NO,YES,NO,NO,horse_02,http://commons.wikimedia.org/wiki/File:Biandintz_eta_zaldiak_-_modified2.jpg,"The Pottok or Pottoka, is an endangered, semi-feral breed of pony native to the Pyrenees of the Basque Country in France and Spain. It is particularly well adapted to the harsh mountain areas it traditionally inhabits. Once common, it is endangered through habitat loss, mechanization and crossbreeding but efforts are increasingly made to safeguard the future of this breed. It is considered iconic by the Basque people.",http://en.wikipedia.org/wiki/Pottok,horse,"Mikel Ortega from Errenteria, Basque Country, Spain, with a retouche by Richard Bartz. / CC BY-SA 2.0"
Horse,Miniature Shetland Pony,Equus ferus caballus,Animalia,Chordata,Mammalia,Theria,Eutheria,-,Perissodactyla,-,Equidae,-,Equus,ferus,caballus,YES,NO,NO,NO,NO,NO,NO,horse_03,http://commons.wikimedia.org/wiki/File:With_practice_I_can_sleep_standing_up.jpg,"Shetland ponies were first used for pulling carts, carrying peat, coal and other items, and plowing farm land. Then, as the Industrial Revolution increased the need for coal in the mid-19th century, thousands of Shetland ponies traveled to mainland Britain to be pit ponies, working underground hauling coal, often for their entire (often short) lives.",http://en.wikipedia.org/wiki/Shetland_pony,horse,"This image, which was originally posted to Flickr.com, was uploaded to Commons using Flickr upload bot on 04:29, 3 November 2008 (UTC) by Kersti Nebelsiek / CC-BY 2.0"
Pangolin,Tree Pangolin,Manis tricuspis,Animalia,Chordata,Mammalia,-,-,-,Pholidota,-,Manidae,-,Manis,tricuspis,-,YES,NO,NO,NO,NO,NO,NO,pangolin_01,http://commons.wikimedia.org/wiki/File:Manis_tricuspis.jpg,"The tree pangolin is one of eight extant species of pangolin, or scaly anteaters, and is native to equatorial Africa. It is the most common of the African forest pangolins. The tree pangolin eats insects such as ants and termites from their nests, or the armies of insects moving on the trees. It relies on its thick skin for protection, and digs into burrows with its long, clawed forefeet.",http://en.wikipedia.org/wiki/Tree_pangolin,pangolin,Jopparn / CC BY-SA 3.0
Bird,European Bee-eater,Merops aplaster,Animalia,Chordata,Aves,-,-,-,Coraciiformes,-,Meropidae,-,Merops,apiaster,-,NO,NO,NO,NO,NO,NO,NO,bird_01,http://commons.wikimedia.org/wiki/File:Şahlûr-33.jpg,"The European Bee Eater is a bird which breeds in open country in warmer climates. Just as the name suggests, bee-eaters predominantly eat insects, especially bees, wasps and hornets which are caught in the air by sorties from an open perch. Before eating its meal, a European Bee-eater removes the sting by repeatedly hitting the insect on a hard surface.",http://en.wikipedia.org/wiki/European_Bee-eater,bird,Dûrzan cîrano / CC BY-SA 3.0
Anteater,Giant Anteater,Myrmecophaga tridactyla,Animalia,Chordata,Mammalia,-,-,-,Pilosa,-,Myrmecophagidae,-,Myrmecophaga,tridactyla,-,YES,NO,NO,NO,YES,NO,NO,anteater_01,"http://en.wikipedia.org/wiki/File:Myrmecophaga_tridactyla_-Detroit_Zoo,_Michigan,_USA-8a.jpg","The giant anteater, also known as the ant bear, is a large insectivorous mammal native to Central and South America. It is one of four living species of anteater and is related to sloths. During feeding, the tongue moves in and out at around 160 times per minute (nearly 3 times per second). When fully extended, the tongue can reach 45 cm (18 in); longer than the length of the skull.",http://en.wikipedia.org/wiki/Giant_anteater,anteater,"Ellen from Ann Arbor, MI, USA / CC-BY 2.0"
Anteater,Southern Tamandua,Tamandua tetradactyla,Animalia,Chordata,Mammalia,-,-,Xenarthra,Pilosa,Vermilingua,Myrmecophagidae,-,Tamandua,tetradactyla,-,YES,NO,NO,NO,NO,NO,NO,anteater_02,http://commons.wikimedia.org/wiki/File:Tamandua_tetradactyla.jpg,"The southern tamandua, also called a collared anteater, or lesser anteater, is a species of anteater from South America. It is a solitary animal, found in many habitats from mature to highly disturbed secondary forests and arid savannas. It feeds on ants, termites and bees. It has very strong foreclaws that can be used to break insect nests or to defend itself.",http://en.wikipedia.org/wiki/Southern_tamandua,anteater,Source: http://opencage.info/pics/large_10302.asp / CC BY-SA 2.5
Anteater,Northern Tamandua,Tamandua mexicana,Animalia,Chordata,Mammalia,-,-,Xenarthra,Pilosa,Vermilingua,Myrmecophagidae,-,Tamandua,mexicana,-,YES,NO,NO,NO,NO,NO,YES,anteater_03,http://en.wikipedia.org/wiki/File:Tamandúa.JPG,"The northern tamandua is a medium-sized anteater with a prehensile tail, small eyes and ears, and a long snout. The fur is pale yellow over most of the body, with a distinctive patch of black fur over the flanks, back, and shoulders, that somewhat resembles a vest in shape. The presence of this colouration pattern makes it possible to distinguish these species from its southern relative, which has a more uniform colour.",http://en.wikipedia.org/wiki/Northern_tamandua,anteater,José R. / CC-BY 3.0
Tapir,Malayan Tapir,Tapirus indicus,Animalia,Chordata,Mammalia,-,-,-,Perissodactyla,-,Tapiridae,-,Tapirus,indicus,-,YES,NO,NO,NO,YES,NO,YES,tapir_01,http://en.wikipedia.org/wiki/File:Malayan_Tapir.JPG,"Malayan tapirs have very poor eyesight, making them rely greatly on their excellent sense of smell and hearing to go about in their everyday lives. They have small, beady eyes with brown irises on either side of their faces. Their eyes are often covered in a blue haze, which is corneal cloudiness thought to be caused by repetitive exposure to light.",http://en.wikipedia.org/wiki/Malayan_tapir,tapir,A Malayan Tapir in London Zoo. Photographed by User:Bluemoose in May 2005. / CC BY-SA 3.0
Bird,Ostrich,Struthio camelus,Animalia,Chordata,Aves,-,-,Paleognathae,Struthioniformes,-,Struthionidae,-,Struthio,camelus,-,NO,NO,NO,NO,NO,NO,NO,bird_02,http://en.wikipedia.org/wiki/File:Ostrich_at_Cape_Peninsula.JPG,"The ostrich is the largest living species of bird and lays the largest eggs of any living bird. The ostrich's diet consists mainly of plant matter, though it also eats invertebrates. It lives in nomadic groups of 5 to 50 birds. When threatened, the ostrich will either hide itself by lying flat against the ground, or run away. If cornered, it can attack with a kick of its powerful legs.",http://en.wikipedia.org/wiki/Ostrich,bird,Thomas Bjørkan / CC BY-SA 3.0
Alligator,American Alligator,Alligator mississippiensis,Animalia,Chordata,Reptilia,-,-,-,Crocodylia,-,Alligatoridae,-,Alligator,mississippiensis,-,NO,NO,YES,NO,NO,NO,NO,alligator_01,http://en.wikipedia.org/wiki/File:AmericanAlligator.JPG,"American alligators are apex predators and consume fish, amphibians, reptiles, birds and mammals. Hatchlings feed mostly on invertebrates and small fish. Alligators also play important roles in wetland ecosystems through the creation of ""alligator holes"" which provide wetter or drier habitats for other organisms. ",http://en.wikipedia.org/wiki/Alligator,alligator,public domain
Alligator,Chinese Alligator,Alligator sinensis,Animalia,Chordata,Reptilia,-,-,-,Crocodylia,-,Alligatoridae,-,Alligator,sinensis,-,NO,NO,YES,NO,YES,NO,NO,alligator_02,http://en.wikipedia.org/wiki/File:ChineseAlligator.jpg,"While it originally ranged through much of China, this species' wild habitat has been reduced to little more than a few ponds containing 100 to 200 individuals. Its population reduction has been mostly due to conversion of its habitat to agricultural use. Unlike the American alligator, the Chinese alligator is fully armored; even the belly is armored.",http://en.wikipedia.org/wiki/Chinese_alligator,alligator,Greg Hume / CC BY-SA 3.0
Lizard,Komodo Dragon,Varanus komodoensis,Animalia,Chordata,Reptilia,-,-,-,Squamata,Lacertilia,Varanidae,-,Varanus,komodoensis,-,NO,NO,YES,NO,NO,NO,NO,komodo_01,http://commons.wikimedia.org/wiki/File:Varanus_komodoensis4.jpg,"The Komodo dragon is a large species of lizard found in Indonesia. A member of the monitor lizard family, it is the largest living species of lizard, growing to a maximum length of 3 metres (10 ft). Their unusual size has been attributed to island gigantism, since no other carnivorous animals fill the niche on the islands where they live.",http://en.wikipedia.org/wiki/Komodo_dragon,lizard,"Pictures from Disney's Animal Kingdom. Taken by myself (Raul654) in January, 2006. / CC BY-SA 3.0"
Lizard,Asian Water Monitor,Varanus salvator,Animalia,Chordata,Reptilia,-,-,-,Squamata,Lacertilia,Varanidae,-,Varanus,salvator,-,NO,NO,YES,NO,NO,NO,NO,monitor_01,http://commons.wikimedia.org/wiki/File:Malayan_water_monitor.jpg,"Water monitors can be defensive, using their tail, claws, and jaws when fighting. They are excellent swimmers, using the raised fin located on their tails to steer through water. Water monitors are carnivores, and have a wide range of foods. They are known to eat fish, frogs, rodents, birds, crabs, and snakes.",http://en.wikipedia.org/wiki/Water_monitor,lizard,Olexandr Topchylo / CC BY-SA 3.0
Insect,Leafcutter Ant,Atta colombica,Animalia,Arthropoda,Insecta,-,-,-,Hymenoptera,-,Formicidae,Myrmicinae,Atta,colombica,-,NO,YES,NO,NO,NO,NO,NO,ant_01,http://en.wikipedia.org/wiki/File:Blattschneiderameise_(Atta)_05.jpg,"Leafcutter ants are leaf-chewing ants. These species of tropical, fungus-growing ants are all endemic to South and Central America, Mexico and parts of the southern United States. Leafcutter ants cut and process fresh vegetation (leaves, flowers, and grasses) to serve as the nutritional substrate for their fungal cultivars.",http://en.wikipedia.org/wiki/Atta_colombica,insect,Norbert Potensky / CC BY-SA 3.0
Insect,Fire Ant,Solenopsis geminata,Animalia,Arthropoda,Insecta,-,-,-,Hymenoptera,-,Formicidae,Myrmicinae,Solenopsis,geminata,-,NO,YES,NO,NO,NO,NO,NO,ant_02,http://en.wikipedia.org/wiki/File:Fire_ants_01.jpg,"Fire ants are a variety of stinging ants with over 285 species worldwide. They have several common names, including ginger ants, tropical fire ants, and red ants. A queen is generally the largest individual in the colony. Her primary function is reproduction; she may live for 6 to 7 years and can produce up to 3,500 eggs in a single day.",http://en.wikipedia.org/wiki/Fire_ant,insect,Stephen Ausmus / public domain
Insect,Door-head Ant,Cephalotes varians,Animalia,Arthropoda,Insecta,-,-,-,Hymenoptera,-,Formicidae,Myrmicinae,Cephalotes,varians,-,NO,YES,NO,NO,NO,NO,NO,ant_03,April Nobile / AntWeb.org / http://commons.wikimedia.org/wiki/File:Cephalotes_varians_casent0103758_profile_1.jpg,"Cephalotes varians is a species of arboreal ant of the genus Cephalotes, characterized by an odd shaped head and the ability to ""parachute"" by steering their fall if they drop off of the tree they're on. Giving their name also as gliding ants.",http://en.wikipedia.org/wiki/Cephalotes_varians,insect,April Nobile / AntWeb.org / CC BY-SA 3.0
Rhinoceros,Black Rhinoceros,Diceros bicornis,Animalia,Chordata,Mammalia,-,Eutheria,-,Perissodactyla,-,Rhinocerotidae,-,Diceros,bicornis,-,YES,NO,NO,NO,YES,NO,NO,rhino_01,http://en.wikipedia.org/wiki/File:Doué_21_06_2010_14_Diceros_bicornis.jpg,"The black rhinoceros or hook-lipped rhinoceros is a species of rhinoceros, native to eastern and central Africa including Kenya, Tanzania, Cameroon, South Africa, Namibia, Zimbabwe, and Angola. Although the rhinoceros is referred to as black, its colors vary from brown to gray. The species overall is classified as critically endangered, and one subspecies, the western black rhinoceros, was declared extinct in 2011.",http://en.wikipedia.org/wiki/Black_rhinoceros,rhinoceros,Vassil / public domain
Rhinoceros,Indian Rhinoceros,Rhinoceros unicornis,Animalia,Chordata,Mammalia,-,Eutheria,-,Perissodactyla,-,Rhinocerotidae,-,Rhinoceros,unicornis,-,YES,NO,NO,NO,YES,NO,NO,rhino_02,http://en.wikipedia.org/wiki/File:One_horned_Rhino.jpg,"The Indian rhinoceros is also called greater one-horned rhinoceros and Asian one-horned rhinoceros. Among terrestrial land mammals native to Asia, the Indian rhinoceros is second in size only to the Asian elephant. The rhino's single horn is present in both males and females, but not on newborn young. The black horn is pure keratin, like human fingernails, and starts to show after about 6 years.",http://en.wikipedia.org/wiki/Indian_rhinoceros,rhinoceros,Krish Dulal / CC BY-SA 3.0
Rhinoceros,Sumatran Rhinoceros,Dicerorhinus sumatrensis,Animalia,Chordata,Mammalia,-,Eutheria,-,Perissodactyla,-,Rhinocerotidae,-,Dicerorhinus,sumatrensis,-,YES,NO,NO,NO,YES,NO,NO,rhino_03,http://en.wikipedia.org/wiki/File:Sumatran_Rhino_2.jpg,"The Sumatran rhinoceros once inhabited rainforests, swamps and cloud forests in southeast Asia. They are now critically endangered, with only six substantial populations in the wild: four on Sumatra, one on Borneo, and one in the Malay Peninsula.  It is the smallest rhinoceros, although it is still a large mammal.",http://en.wikipedia.org/wiki/Sumatran_rhinoceros,rhinoceros,"Photo Sumatran Rhinos: ""Emi"" and 14 month old son ""Harapan"" from Flickr / Charles W. Hardin / CC-BY 2.0"
Rhinoceros,White Rhinoceros,Ceratotherium simum,Animalia,Chordata,Mammalia,-,Eutheria,-,Perissodactyla,-,Rhinocerotidae,-,Ceratotherium,simum,-,YES,NO,NO,NO,NO,NO,NO,rhino_04,http://en.wikipedia.org/wiki/File:Waterberg_Nashorn2.jpg,"The white rhinoceros or square-lipped rhinoceros is one of the five species of rhinoceros that exist. It has a wide mouth used for grazing and is the most social of all rhino species. The white rhinoceros consists of two subspecies: the southern white rhinoceros and the much rarer northern white rhinoceros. The northern subspecies has very few remaining, with seven confirmed individuals left (including those in captivity).",http://en.wikipedia.org/wiki/White_rhinoceros,rhinoceros,Ikiwaner / GFDL v1.2
Bird,Secretary Bird,Sagittarius serpentarius,Animalia,Chordata,Aves,-,-,-,Accipitriformes,-,Sagittariidae,-,Sagittarius,serpentarius,-,NO,NO,NO,NO,YES,NO,NO,bird_03,http://en.wikipedia.org/wiki/File:Sagittarius_serpentarius_-flying-8a.jpg,"The Secretary Bird is a large, mostly terrestrial bird of prey. Endemic to Africa, it is usually found in the open grasslands and savannah of the sub-Sahara. It is the national emblem of Sudan and appears on the coat of arms of South Africa.",http://en.wikipedia.org/wiki/Secretary_bird,bird,Adam Woodford / CC-BY 2.0
Bird,Brown Pelican,Pelecanus occidentalis,Animalia,Chordata,Aves,-,-,-,Pelecaniformes,-,Pelecanidae,-,Pelecanus,occidentalis,-,NO,NO,NO,NO,NO,NO,NO,bird_04,http://upload.wikimedia.org/wikipedia/commons/4/45/Pelican_4940.jpg,The Brown Pelican is a small pelican found in the Americas. It is one of the best known and most prominent birds found in the coastal areas of the southern and western United States. It is one of only 3 pelican species found in the Western Hemisphere. The Brown Pelican is one of the only two pelican species which feeds by diving into the water.,http://en.wikipedia.org/wiki/Brown_Pelican,bird,Dori / CC BY-SA 3.0
Bird,Australian Pelican,Pelecanus conspicillatus,Animalia,Chordata,Aves,-,-,-,Pelecaniformes,-,Pelecanidae,-,Pelecanus,conspicillatus,-,NO,NO,NO,NO,NO,NO,NO,bird_05,http://commons.wikimedia.org/wiki/File:Pelecanus_conspicillatus_02.jpg,"The Australian Pelican is a large waterbird, widespread on the inland and coastal waters of Australia and New Guinea, also in Fiji, parts of Indonesia and as a vagrant to New Zealand. It is a predominantly white bird with black wings and a pink bill. It has been recorded as having the longest bill of any living bird. It mainly eats fish, but will also consume birds and scavenges for scraps.",http://en.wikipedia.org/wiki/Australian_Pelican,bird,Source: picture taken by Danielle Langlois | Licence: Released under GFDL and Creative Commons licenses by the photographer
Lemur,Ring-tailed Lemur,Lemur catta,Animalia,Chordata,Mammalia,-,-,-,Primates,-,Lemuridae,-,Lemur,catta,-,YES,NO,NO,NO,NO,NO,NO,lemur_01,http://en.wikipedia.org/wiki/File:Ringtailed_lemurs.jpg,"The ring-tailed lemur is a large primate and the most recognized lemur due to its long, black and white ringed tail. Like all lemurs it is endemic to the island of Madagascar. The ring-tailed lemur is highly social, living in groups of up to 30 individuals. It is also female dominant, a trait common among lemurs.",http://en.wikipedia.org/wiki/Ring-tailed_Lemur,lemur,"Keven Law from Los Angeles, USA / CC BY-SA 2.0"
Lemur,Red Lemur,Eulemur rufus,Animalia,Chordata,Mammalia,-,-,-,Primates,-,Lemuridae,-,Eulemur,rufus,-,YES,NO,NO,NO,NO,NO,NO,lemur_02,http://en.wikipedia.org/wiki/File:Eulemur_Rufus.JPG,"The red lemur, also known as the rufous brown lemur or northern red-fronted lemur, is a species of lemur from Madagascar. Males have white or cream colored cheeks and beards, while females have rufous or cream cheeks and beards that are less bushy than males. The most important threats to the species are likely to be hunting, as well as habitat destruction resulting from slash-and-burn agriculture, clearing of land for pasture, and logging.",http://en.wikipedia.org/wiki/Red_lemur,lemur,Bernard Gagnon / CC BY-SA 3.0
Octopus,Common Octopus,Octopus vulgaris,Animalia,Mollusca,Cephalopoda,-,-,-,Octopoda,-,Octopodidae,-,Octopus,vulgaris,-,NO,NO,NO,NO,NO,NO,NO,octopus_01,http://en.wikipedia.org/wiki/File:Octopus_vulgaris_02.JPG,"The common octopus hunts at dusk. Crabs, crayfish, and bivalve mollusks (two-shelled molluscs such as cockles) are preferred, although the octopus will eat almost anything it can catch. It is able to change colour to blend in with its surroundings, and is able to jump upon any unwary prey that strays across its path. The prey is paralyzed by a nerve poison, which the octopus secretes in its saliva.",http://en.wikipedia.org/wiki/Common_octopus,octopus,H. Zell / CC BY-SA 3.0
Bird,Emperor Penguin,Aptenodytes forsteri,Animalia,Chordata,Aves,-,-,-,Sphenisciiformes,-,Spheniscidae,-,Aptenodytes,forsteri,-,NO,NO,NO,NO,NO,NO,NO,penguin_01,http://commons.wikimedia.org/wiki/File:Emperor_penguins_(1).jpg,"The Emperor Penguin is the tallest and heaviest of all living penguin species and is endemic to Antarctica. The male and female are similar in plumage and size, reaching 122 cm (48 in) in height and weighing anywhere from 22 to 45 kg (49 to 99 lb). In hunting, the species can remain submerged up to 18 minutes, diving to a depth of 535 m (1,755 ft).",http://en.wikipedia.org/wiki/Emperor_penguin,bird,lin padgham / CC-BY 2.0
Dolphin,Common Dolphin,Delphinus delphis,Animalia,Chordata,Mammalia,-,-,-,Cetacea,-,Delphinidae,-,Delphinus,delphis,-,YES,NO,NO,NO,NO,NO,NO,dolphin_01,http://en.wikipedia.org/wiki/File:Common_dolphin_noaa.jpg,"The common dolphin is not the dolphin of popular imagination despite its name; that distinction belongs to the bottlenose dolphin due to its widespread use in marine parks and its appearance in the television series Flipper. However, this dolphin was the most frequently represented in the art and literature of ancient Greece and Rome.",http://en.wikipedia.org/wiki/Common_dolphin,dolphin,NOAA NMFS / public domain
Platypus,Platypus,Ornithorhynchus anatinus,Animalia,Chordata,Mammalia,-,-,-,Monotremata,-,Ornithorhynchidae,-,Ornithorhynchus,anatinus,-,YES,NO,NO,NO,NO,NO,NO,platypus_01,http://commons.wikimedia.org/wiki/File:Platypus_in_Geelong.jpg,"The platypus is a semiaquatic mammal endemic to eastern Australia, including Tasmania. Together with the four species of echidna, it is one of the five extant species of monotremes, the only mammals that lay eggs instead of giving birth. It is one of the few venomous mammals, the male platypus having a spur on the hind foot that delivers a venom capable of causing severe pain to humans. ",http://en.wikipedia.org/wiki/Platypus,platypus,TwoWings / CC BY-SA 3.0
Zebra,Grévy's Zebra,Equus grevyi,Animalia,Chordata,Mammalia,-,-,-,Perissodactyla,-,Equidae,-,Equus,grevyi,-,YES,NO,NO,NO,YES,NO,NO,zebra_01,http://en.wikipedia.org/wiki/File:Zebre_grevy.jpg,"The Grévy's Zebra is the largest species of wild equines. Its stripes are narrow and close set. It  is found in Kenya and Ethiopia. Compared with other zebras, it is tall, has large ears, and its stripes are narrower. The Grévy's zebra lives in semi-arid grasslands where it feeds on grasses, legumes, and browse; it can survive up to five days without water.",http://en.wikipedia.org/wiki/Grévy%27s_zebra,zebra,Daniel Fafard (Dreamdan) / CC BY-SA 3.0
Zebra,Plains Zebra,Equus quagga,Animalia,Chordata,Mammalia,-,-,-,Perissodactyla,-,Equidae,-,Equus,quagga,-,YES,NO,NO,NO,NO,NO,NO,zebra_02,http://commons.wikimedia.org/wiki/File:Burchell%27s_Zebra_(Etosha).jpg,"The plains zebra is also known as Burchell's zebra and is the most common species of zebra in the world. It also is the smallest of the zebra species. It remains common in game reserves, but is threatened by human activities such as hunting for its meat and hide, as well as competition with livestock and encroachment by farming on much of its habitat.",http://en.wikipedia.org/wiki/Plains_zebra,zebra,Flickr user Rui Ornelas / CC-BY 2.0
Zebra,Mountain Zebra,Equus zebra,Animalia,Chordata,Mammalia,-,-,-,Perissodactyla,-,Equidae,-,Equus,zebra,-,YES,NO,NO,NO,YES,NO,NO,zebra_03,http://en.wikipedia.org/wiki/File:Hartmann_zebra_hobatere_S.jpg,"Unlike other zebras, the mountain zebra has a dewlap, which is a flap of skin that hangs beneath its neck. Like all extant zebras, it is boldly striped in black and white and no two individuals look exactly alike. The stripes can be either black or dark brown and white. Their stripes cover their whole bodies except for their bellies.",,zebra,Moongateclimber / CC BY-SA 3.0
Bird,Ruby Throated Hummingbird,Archilochus colubris,Animalia,Chordata,Aves,-,-,-,Apodiformes,-,Trochilidae,-,Archilochus,colubris,-,NO,NO,NO,NO,NO,NO,NO,hummingbird_01,http://en.wikipedia.org/wiki/File:Archilochus_colubris_(Male).jpg,"The Ruby-Throated Hummingbird is the only species of hummingbird that regularly nests east of the Mississippi River in North America. The adult male, shown in the photo, has a ruby red throat patch, also known as a gorget which may appear black in some lighting, and a dark forked tail. The female has a dark rounded tail with white tips and generally no throat patch, though she may sometimes have a light or whitish throat patch.",http://en.wikipedia.org/wiki/Ruby-throated_Hummingbird,bird,"Joe Schneid, Louisville, Kentucky / CC-BY 3.0"
Insect,Lubber Grasshopper,Romalea guttata,Animalia,Arthropoda,Insecta,-,-,-,Orthoptera,-,Romaleidae,-,Romalea,guttata,-,NO,YES,NO,NO,NO,NO,NO,grasshopper_01,"http://en.wikipedia.org/wiki/File:Two_eastern_Lubber_grasshopers_(Romalea_microptera),_mating.jpg",The Lubber Grasshopper emits a foul-smelling and foul-tasting foamy secretion from the thorax when it is disturbed. It also lets off a loud hissing sound that can scare animals. Species of grasshoppers that change colour and behaviour at high population densities are called locusts.,http://en.wikipedia.org/wiki/Grasshopper,insect,http://www.birdphotos.com / CC-BY 3.0
Insect,Katydid,Scudderia beckeri,Animalia,Arthropoda,Insecta,-,-,-,Orthoptera,-,Tettigoniidae,Phaneropterinae,Scudderia,beckeri,-,NO,YES,NO,NO,NO,NO,NO,katydid_01,http://en.wikipedia.org/wiki/File:Scudderia_sp.jpg,"There are more than 6400 species of katydids! They are sometimes known as long-horned grasshoppers and actually are more closely related to crickets than to grasshoppers. Many katydids exhibit mimicry and camouflage, commonly with shapes and colors similar to leaves.",http://en.wikipedia.org/wiki/Scudderia,insect,Photo: Bruce Marlin / CC BY-SA 3.0 / http://www.cirrusimage.com/copyright.htm
Insect,Tusked Weta,Motuweta isolata,Animalia,Arthropoda,Insecta,-,-,-,Orthoptera,Ensifera,Rhaphidophoridae,-,Motuweta,isolata,-,NO,YES,NO,NO,YES,NO,YES,weta_01,http://en.wikipedia.org/wiki/File:Motuweta_isolata.JPG,"Many weta are large by insect standards and some species are among the largest and heaviest in the world able to fly. Their physical appearance is like a katydid, long-horned grasshopper, or cricket, but the hind legs are enlarged and usually very spiny. Many are wingless. The tusks on the Tusked Weta are used to push an opponent; they are not used for biting. They are mainly carnivorous, eating worms and insects.",http://en.wikipedia.org/wiki/Weta,insect,Chris Winks / CC0 1.0 public domain
Insect,Praying Mantis,Mantis religiosa,Animalia,Arthropoda,Insecta,-,-,-,Mantodea,-,Mantidae,-,Mantis,religiosa,-,NO,YES,NO,NO,NO,NO,NO,mantis_01,http://en.wikipedia.org/wiki/File:Mantid_August_2007-2.jpg,"The English common name for any species in the order is ""praying mantis"", because of the typical ""prayer-like"" posture with folded fore-limbs. Mantises have two grasping, spiked forelegs, known as raptorial legs, in which prety items are caught and held securely.",http://en.wikipedia.org/wiki/Mantis_religiosa,insect,Alvesgaspar / CC BY-SA 3.0
Bird,Indian Peacock,Pavo cristatus,Animalia,Chordata,Aves,-,-,-,Galliformes,-,Phasianidae,-,Pavo,cristatus,-,NO,NO,NO,NO,NO,NO,NO,peacock_01,http://commons.wikimedia.org/wiki/File:Pfau_imponierend.jpg,"Only the male is referred to as the Peacock. The Indian Peafowl is found mainly on the ground in open forest or on land under cultivation, where they forage for berries and grains, but also will prey on snakes, lizards, and small rodents.",http://en.wikipedia.org/wiki/Peacock,bird,BS Thurner Hof / CC BY-SA 3.0
Bird,Rooster,Gallus gallus domesticus,Animalia,Chordata,Aves,-,-,-,Galliformes,-,Phasianidae,-,Gallus,gallus,domesticus,NO,NO,NO,NO,NO,NO,NO,rooster_01,http://commons.wikimedia.org/wiki/File:Feral_rooster_on_Kauai.jpg,"The rooster is often portrayed as crowing at the break of dawn (""cock-a-doodle-doo"") and will almost always start crowing before 4 months of age. Although it is possible for a hen to crow as well, crowing is one of the clearest signs of being a rooster. During the daytime, roosters usually sit on a high perch to serve as a lookout for their flocks. They make a distinctive alarm sound if predators are nearby.",http://en.wikipedia.org/wiki/Rooster,bird,jaybergesen / CC-BY 2.0
Bird,Hen,Gallus gallus domesticus,Animalia,Chordata,Aves,-,-,-,Galliformes,-,Phasianidae,-,Gallus,gallus,domesticus,NO,NO,NO,NO,NO,NO,NO,hen_01,http://commons.wikimedia.org/wiki/File:Gallus_gallus_domesticus_LC0262.jpg,"Domestic chickens are not capable of long distance flight, although lighter birds are generally capable of flying for short distances, such as over fences or into trees (where they would naturally roost). Chickens may occasionally fly briefly to explore their surroundings, but generally do so only to flee perceived danger.",http://en.wikipedia.org/wiki/Chicken,bird,Jörg Hempel / CC BY-SA 3.0 Germany
Dolphin,Bottlenose Dolphin,Tursiops truncatus,Animalia,Chordata,Mammalia,-,-,-,Cetacea,-,Delphinidae,-,Tursiops,truncatus,-,YES,NO,NO,NO,NO,NO,NO,dolphin_02,http://en.wikipedia.org/wiki/File:Bottlenose_Dolphin_KSC04pd0178.jpg,"Common bottlenose dolphins live in groups called pods that typically number about 15 individuals, but group size varies from pairs of dolphins to over 100 or even occasionally over 1000 animals for short periods of time.",http://en.wikipedia.org/wiki/Bottlenose_dolphin,dolphin,NASA / public domain
Dolphin,Dusky Dolphin,Lagenorhynchus obscurus,Animalia,Chordata,Mammalia,-,-,-,Cetacea,-,Delphinidae,-,Lagenorhynchus,obscurus,-,YES,NO,NO,NO,NO,NO,NO,dolphin_03,http://en.wikipedia.org/wiki/File:Dusky_surfacing.jpg,"When hunting in shallower waters in New Zealand and Argentina, dusky dolphins tend to forage during the day. The dolphins chase schools of fish or squid and herd them into stationary balls. They may control the school with light reflected from their white bellies.",http://en.wikipedia.org/wiki/Dusky_dolphin,dolphin,NOAA Photo Library / CC-BY 2.0
Orca,Killer Whale,Orcinus orca,Animalia,Chordata,Mammalia,-,-,-,Cetacea,Odontoceti,Delphinidae,-,Orcinus,orca,-,YES,NO,NO,NO,NO,NO,NO,orca_01,http://en.wikipedia.org/wiki/File:Killerwhales_jumping.jpg,"Killer whales are found in all oceans, from the frigid Arctic and Antarctic regions to tropical seas. Killer whales as a species have a diverse diet, although individual populations often specialize in particular types of prey. Some feed exclusively on fish, while others hunt marine mammals such as sea lions, seals, walruses, and even large whales.",http://en.wikipedia.org/wiki/Killer_whale,orca,Robert Pittman / NOAA / public domain
Shark,Scalloped Hammerhead Shark,Sphyrna lewini,Animalia,Chordata,Chondrichthyes,-,-,-,Carcharhiniformes,-,Sphyrnidae,-,Sphyrna,lewini,-,NO,NO,NO,NO,YES,NO,NO,shark_01,http://en.wikipedia.org/wiki/File:Scalloped_hammerhead_cocos.jpg,"The hammerhead shark is often seen during the day in big schools, sometimes numbering hundreds. They are not considered dangerous and are normally not aggressive towards humans.",http://en.wikipedia.org/wiki/Hammerhead_shark,shark,Barry Peters / CC-BY 2.0
Bird,Bald Eagle,Haliaeetus leucocephalus,Animalia,Chordata,Aves,-,-,-,Accipitriformes,-,Accipitridae,-,Haliaeetus,leucocephalus,-,NO,NO,NO,NO,NO,NO,NO,eagle_01,http://commons.wikimedia.org/wiki/File:Haliaeetus_leucocephalus2.jpg,"The Bald Eagle is an opportunistic feeder which subsists mainly on fish, which it swoops down and snatches from the water with its talons. It builds the largest nest of any North American bird and the largest tree nests ever recorded for any animal species, up to 4 meters (13 ft) deep, 2.5 meters (8.2 ft) wide, and one metric ton (1.1 tons) in weight.",http://en.wikipedia.org/wiki/Bald_eagle,bird,US Fish and Wildlife Service / public domain
Antelope,Dorcas Gazelle,Gazella dorcas,Animalia,Chordata,Mammalia,-,-,-,Artiodactyla,-,Bovidae,-,Gazella,dorcas,-,YES,NO,NO,NO,NO,NO,NO,gazelle_01,http://en.wikipedia.org/wiki/File:Dorcasgazellemarwell.jpg,"Dorcas gazelles are highly adapted to the desert; they can go their entire lives without drinking, as they can get all of the moisture they need from the plants in their diets, though they do drink when water is available. ",http://en.wikipedia.org/wiki/Gazelle,antelope,Khendon / CC BY-SA 3.0
Tarsier,Philippine Tarsier,Carlito syrichta,Animalia,Chordata,Mammalia,-,-,-,Primates,-,Tarsiidae,-,Carlito,syrichta,-,YES,NO,NO,NO,NO,NO,NO,tarsier_01,http://en.wikipedia.org/wiki/File:Tarsier_Hugs_Mossy_Branch.jpg,"Tarsiers are the only extant entirely carnivorous primates: they are primarily insectivorous, and catch insects by jumping at them. They are also known to prey on birds, snakes, lizards, and bats. Like all tarsiers, the Philippine tarsier's eyes are fixed in its skull; they cannot turn in their sockets. Instead, a special adaptation in the neck allows its round head to rotate 180 degrees.",http://en.wikipedia.org/wiki/Philippine_tarsier,tarsier,Kok Leng Yeo / CC-BY 2.0
Tarsier,Spectral Tarsier,Tarsius tarsier,Animalia,Chordata,Mammalia,-,-,-,Primates,-,Tarsiidae,-,Tarsius,tarsier,-,YES,NO,NO,NO,NO,NO,NO,tarsier_02,http://en.wikipedia.org/wiki/File:Tarsius_tarsier_Tandurusa_zoo.JPG,"Tarsiers are small animals with enormous eyes; each eyeball is approximately 16 mm in diameter and is as large as its entire brain. The unique cranial anatomy of the tarsier results from the need to balance their large eyes and heavy head so they are able to wait silently for nutritious prey. The Spectral Tarsier lacks adhesive toes, which are common in other tarsier species.",http://en.wikipedia.org/wiki/Spectral_tarsier,tarsier,Sakurai Midori / CC BY-SA 3.0
Beaver,North American Beaver,Castor canadensis,Animalia,Chordata,Mammalia,-,-,-,Rodentia,-,Castoridae,-,Castor,canadensis,-,YES,NO,NO,NO,NO,NO,NO,beaver_01,http://en.wikipedia.org/wiki/File:Castor_canadensis.jpg,"Beavers are mainly active at night. They are excellent swimmers and may remain submerged for up to 15 minutes. More vulnerable on land, they tend to remain in the water as much as possible. They use their flat, scaly tail both to signal danger by slapping the surface of the water and as a location for fat storage. This beaver is the largest rodent in North America and the second or third largest rodent in the world, after the South American capybara.",http://en.wikipedia.org/wiki/North_American_beaver,beaver,"LASZLO ILYES (laszlo-photo) from Cleveland, Ohio, USA / CC-BY 2.0"
Turtle,Green Sea Turtle,Chelonia mydas,Animalia,Chordata,Reptilia,-,-,-,Testudines,Cryptodira,Cheloniidae,-,Chelonia,mydas,-,NO,NO,YES,NO,YES,NO,NO,turtle_01,http://en.wikipedia.org/wiki/File:Green_turtle_swimming_over_coral_reefs_in_Kona.jpg,"Like other sea turtles, green sea turtles migrate long distances between feeding grounds and hatching beaches. Many islands worldwide are known as Turtle Island due to green sea turtles nesting on their beaches. Pollution indirectly harms turtles at both population and individual scales. Many turtles die caught in fishing nets. Also, real estate development often causes habitat loss by eliminating nesting beaches.",http://en.wikipedia.org/wiki/Chelonia_mydas,turtle,Brocken Inaglory / CC BY-SA 3.0
Fisher,Fisher,Martes pennanti,Animalia,Chordata,Mammalia,-,-,-,Carnivora,-,Mustelidae,-,Martes,pennanti,-,YES,NO,NO,NO,NO,NO,NO,fisher_01,"http://en.wikipedia.org/wiki/File:Fisher,_Ipswich_River.jpg",Fishers have few predators aside from man. They have been trapped since the 18th century for their fur. Their pelts were in such demand that they were extirpated from several parts of the United States in the early part of the 20th century. ,http://en.wikipedia.org/wiki/Fisher_(animal),fisher,"brunop from somerville, usa / CC-BY 2.0"
Otter,North American River Otter,Lontra canadensis,Animalia,Chordata,Mammalia,-,-,-,Carnivora,-,Mustelidae,Lutrinae,Lontra,canadensis,-,YES,NO,NO,NO,NO,NO,NO,otter_01,http://en.wikipedia.org/wiki/File:LutraCanadensis_fullres.jpg,"The river otter, a member of the weasel family, is equally versatile in the water and on land. It establishes a burrow close to the water's edge in river, lake, swamp, coastal shoreline, tidal flat, or estuary ecosystems.",http://en.wikipedia.org/wiki/Otter,otter,Dmitry Azovtsev / CC BY-SA 3.0
Sloth,Two-toed Sloth,Choloepus didactylus,Animalia,Chordata,Mammalia,-,-,-,Pilosa,-,Megalonychidae,-,Choloepus,didactylus,-,YES,NO,NO,NO,NO,NO,YES,sloth_01,http://en.wikipedia.org/wiki/File:Choloepus_didactylus_2_-_Buffalo_Zoo.jpg,"It is a solitary, nocturnal and arboreal animal, found in rainforests. It is able to swim, making it possible to cross rivers and creeks. The two-toed sloth's main enemies are man, large birds of prey like the Harpy Eagle and Crested Eagle, and wild cats like the Ocelot and Jaguar.",http://en.wikipedia.org/wiki/Linnaeus%27s_two-toed_sloth,sloth,Dave Pape / public domain
Sloth,Three-toed Sloth,Bradypus variegatus,Animalia,Chordata,Mammalia,-,-,-,Pilosa,-,Bradypodidae,-,Bradypus,variegatus,-,YES,NO,NO,NO,NO,NO,NO,sloth_02,http://en.wikipedia.org/wiki/File:Bradypus_variegatus.jpg,"Brown-throated sloths sleep 15 to 18 hours every day and are active for only a few brief periods, which may be during either the day or night. Although they can walk along the ground, and even swim, they spend most of their lives in the high branches of trees, descending once every eight days or so to defecate in the soil.",http://en.wikipedia.org/wiki/Two-toed_sloth,sloth,Christian Mehlführer / CC-BY 2.5
Jaguar,Jaguar,Panthera onca,Animalia,Chordata,Mammalia,-,-,-,Carnivora,-,Felidae,-,Panthera,onca,-,YES,NO,NO,NO,NO,NO,NO,jaguar_01,http://en.wikipedia.org/wiki/File:Junior-Jaguar-Belize-Zoo.jpg,"This spotted cat most closely resembles the leopard physically, although it is usually larger and of sturdier build and its behavioural and habitat characteristics are closer to those of the tiger. While dense rainforest is its preferred habitat, the jaguar will range across a variety of forested and open terrains.",http://en.wikipedia.org/wiki/Jaguar,jaguar,Bjørn Christian Tørrissen / CC BY-SA 3.0
Wolf,Eurasian Wolf,Canis lupus lupus,Animalia,Chordata,Mammalia,-,-,-,Carnivora,-,Canidae,-,Canis,lupus,lupus,YES,NO,NO,NO,NO,NO,NO,wolf_01,http://en.wikipedia.org/wiki/File:Tierpark_Sababurg_Wolf.jpg,"The gray wolf is one of the world's most well researched animals, with probably more books written about it than any other wildlife species. It has a long history of association with humans, having been despised and hunted in most agricultural communities due to its attacks on livestock, while conversely being respected by some Native American tribes. It is the sole ancestor of the dog, which was first domesticated in the Middle East.",http://en.wikipedia.org/wiki/Canis_lupus,wolf,Presse03 / GFDL-CC
Meerkat,Meerkat,Suricata suricatta,Animalia,Chordata,Mammalia,-,-,-,Carnivora,-,Herpestidae,-,Suricata,suricatta,-,YES,NO,NO,NO,NO,NO,NO,meerkat_01,"http://commons.wikimedia.org/wiki/File:Suricates,_Namibia-2.jpg","A group of meerkats is called a ""mob"", ""gang"" or ""clan"". A meerkat clan often contains about 20 meerkats, but some super-families have 50 or more members. In captivity, meerkats have an average life span of 12–14 years, and about half this in the wild.",http://en.wikipedia.org/wiki/Meerkat,meerkat,Sara&Joachim / CC-BY 2.0
Insect,Mosquito,Anopheles albimanus,Animalia,Arthropoda,Insecta,-,-,-,Diptera,-,Culicidae,-,Anopheles,albimanus,-,NO,YES,NO,NO,NO,NO,NO,mosquito_01,http://commons.wikimedia.org/wiki/File:Anopheles_albimanus_mosquito.jpg,"About 460 speciesof Anopheles mosquitos are recognized; while over 100 can transmit human malaria, only 30–40 commonly transmit parasites of the genus Plasmodium, which cause malaria in humans in endemic areas.",http://en.wikipedia.org/wiki/Aedes,insect,PD-USGov-HHS-CDC
Salamander,Fire Salamander,Salamandra salamandra,Animalia,Chordata,Amphibia,-,-,-,Caudata,-,Salamandridae,-,Salamandra,salamandra,-,NO,NO,NO,YES,NO,NO,NO,salamander_01,http://en.wikipedia.org/wiki/File:Salamandra_salamandra_MHNT_1.jpg,"Fire salamanders live in central European forests and are more common in hilly areas. They prefer deciduous forests, since they like to hide in fallen leaves and around mossy tree trunks.",http://en.wikipedia.org/wiki/Salamander,salamander,Didier Descouens / CC BY-SA 3.0
Nautilus,Palau Nautilus,Nautilus belauensis,Animalia,Mollusca,Cephalopoda,-,-,-,Nautilida,-,Nautilidae,-,Nautilus,belauensis,-,NO,NO,NO,NO,NO,NO,NO,nautilus_01,http://en.wikipedia.org/wiki/File:Nautilus_profile.jpg," They have a seemingly simple brain, not the large complex brains of octopus, cuttlefish and squid, and had long been assumed to lack intelligence. But the cephalopod nervous system is quite different from that of other animals, and recent experiments have shown not only memory, but a changing response to the same event over time.",http://en.wikipedia.org/wiki/Palau_Nautilus,nautilus,Lee R Berger / Profberger / CC BY-SA 3.0
Wombat,Common Wombat,Vombatus ursinus,Animalia,Chordata,Mammalia,-,Marsupialia,-,Diprotodontia,-,Vombatidae,-,Vombatus,ursinus,-,YES,NO,NO,NO,NO,NO,YES,wombat_01,http://en.wikipedia.org/wiki/File:Vombatus_ursinus_-Maria_Island_National_Park.jpg,"Wombats dig extensive burrow systems with rodent-like front teeth and powerful claws. One distinctive adaptation of wombats is their backwards pouch. The advantage of a backwards-facing pouch is that when digging, the wombat does not gather soil in its pouch over its young.",http://en.wikipedia.org/wiki/Common_Wombat,wombat,JJ Harrison (jjharrison89@facebook.com) / CC BY-SA 3.0
Prarie Dog,Black-tailed Prarie Dog,Cynomys ludovicianus,Animalia,Chordata,Mammalia,-,-,-,Rodentia,-,Sciuridae,-,Cynomys,ludovicianus,-,YES,NO,NO,NO,NO,NO,NO,prariedog_01,http://upload.wikimedia.org/wikipedia/commons/c/c4/Black-tailed_Prairie_Dog.JPG,"There is debate over whether the alarm calling of prairie dogs is selfish or altruistic. Prairie dogs possibly alarm others to the presence of a predator so they can protect themselves. However, the calls possibly are meant to cause confusion and panic in the groups and cause the others to be more conspicuous to the predator than the caller. ",http://en.wikipedia.org/wiki/Black-tailed_prairie_dog,prarie_dog,Ivanhoe / CC BY-SA 3.0
Armadillo,Nine-banded Armadillo,Dasypus novemcinctus,Animalia,Chordata,Mammalia,-,-,-,Cingulata,-,Dasypodidae,Dasypodinae,Dasypus,novemcinctus,-,YES,NO,NO,NO,NO,NO,YES,armadillo_01,http://en.wikipedia.org/wiki/File:Florida-015.jpg,"The nine-banded armadillo is a solitary, mainly nocturnal animal, found in many kinds of habitats, from mature and secondary rainforests to grassland and dry scrub. It is an insectivore, feeding chiefly on ants, termites, and other small invertebrates. Armadillos can transmit leprosy to humans, and are responsible for one-third of the cases in the US, annually. ",http://en.wikipedia.org/wiki/Nine-banded_armadillo,armadillo,Hans Stieglitz / CC BY-SA 3.0
Isopod,Giant Isopod,Bathynomus doederleinii,Animalia,Arthropoda,Malacostraca,-,-,-,Isopoda,Cymothoida,Cirolanidae,-,Bathynomus,doederleinii,-,NO,YES,NO,NO,NO,NO,NO,isopod_01,http://commons.wikimedia.org/wiki/File:Bathynomus_doederleinii.jpg,"Although generalist scavengers, these isopods are mostly carnivorous and feed on dead whales, fish, and squid. As food is scarce in the deep ocean biome, giant isopods must make do with what fortune brings; they are adapted to long periods of famine and have been known to survive over four years without food in captivity.",http://en.wikipedia.org/wiki/Giant_isopod,isopod, http://opencage.info/pics/large_8456.asp / CC BY-SA 2.5